[{"main":["search-2","categories-2","latest-posts-2","latest-tweets-2"],"footer-1":["text-2"],"footer-2":["text-3"]},{"search":{"2":{"title":""},"_multiwidget":1},"categories":{"2":{"title":"Categories","count":1,"hierarchical":0,"dropdown":0},"_multiwidget":1},"latest-posts":{"2":{"title":"Popular Post","number":3},"_multiwidget":1},"latest-tweets":{"2":{"title":"Recent Tweets","username":"envato","number":3},"_multiwidget":1},"text":{"2":{"title":"Adios Digital","text":"<ul>\r\n               \t  \t \t<li>350 Fifth Avenue,<\/li>\r\n               \t  \t \t<li>34th floor. New York, <\/li>\r\n               \t  \t \t<li>NY 10118-3299 USA <\/li>\r\n               \t  \t <\/ul>","filter":false},"3":{"title":"Say Hello","text":"<ul>\r\n               \t  \t \t<li><a href=\"tel:\">+123 456 789<\/a><\/li>\r\n               \t  \t \t<li><a href=\"mailto:\">Support@gmail.com<\/a><\/li>\r\n               \t  \t <\/ul>","filter":false},"_multiwidget":1}}]